n,dp_time,brute_force_time
5,3.8699989090673625e-05,5.610000516753644e-05
10,2.61999957729131e-05,0.0005773000011686236
15,1.4599994756281376e-05,0.0015731999883428216
18,2.540000423323363e-05,0.0031436999997822568
20,2.680000034160912e-05,0.009686499994131736
22,3.0199997127056122e-05,
