n,greedy_time,brute_force_time,platforms
10,2.680000034160912e-05,1.9799990695901215e-05,9
50,5.750000127591193e-05,0.00017810000281315297,14
100,8.350001007784158e-05,0.000526699994225055,11
500,0.000676499999826774,0.013488199998391792,15
1000,0.0014648000069428235,,16
5000,0.004751000000396743,,19
