n,warnsdorff_time,warnsdorff_nodes,warnsdorff_success,no_pruning_time,no_pruning_nodes,no_pruning_success
5,0.00028330000350251794,25,True,0.022356300003593788,8840,True
6,0.0004585999995470047,36,True,0.625768900004914,248169,True
7,0.0005036999937146902,49,True,,,
8,0.000592800002777949,64,True,,,
10,0.0011579999991226941,100,True,,,
12,0.0016865000070538372,144,True,,,
20,0.0061593999998876825,400,True,,,
