n,bst_insert,bst_search,bst_delete,bst_height,avl_insert,avl_search,avl_delete,avl_height,hash_insert,hash_search,hash_delete,heap_push_total,heap_pop_per_op
100,0.00014649999987644455,1.0799999775675436e-05,1.9300000227910157e-05,14.666666666666666,0.0005501666673808359,8.066666244606798e-06,6.436666565908429e-05,8.0,0.00023816666725906543,5.366668726007144e-06,8.999999408842996e-06,6.353333446895704e-05,2.909999966504984e-06
1000,0.002010066667329132,0.00013576666727506867,0.00021503333240010156,22.333333333333332,0.007806533335193914,9.886666642463145e-05,0.0007926666658022441,12.0,0.0021628333330833507,3.9666666755996026e-05,6.799999876723935e-05,0.0007136999993235804,4.364666674518958e-06
10000,0.02814043333394996,0.0019557666661664066,0.0029676999984076247,32.0,0.10835616666736314,0.0015096333336259704,0.011090266666239282,16.0,0.02464039999904344,0.0006982999984757043,0.000961599998845486,0.009650933333129311,6.988233333686368e-06
