n_items,next_fit_bins_avg,ffd_bins_avg,local_search_bins_avg,sa_bins_avg,next_fit_time,ffd_time,local_search_time,sa_time
20,5.8,5.2,5.6,5.0,4.4140000045445046e-05,9.838000000854663e-05,5.413999992924801e-05,0.1047020999999404
40,11.2,9.8,11.2,10.6,8.551999999326654e-05,0.0003104600000369828,9.104000005208946e-05,0.18449122000001808
60,16.8,14.2,15.8,15.8,0.00011996000002909569,0.0005097000000660046,0.00017809999994824465,0.27281066000000465
100,27.4,24.0,25.6,27.2,0.00018999999992956872,0.0012350599999990663,0.0003953399999318208,0.4461652399999821
