n_nodes,density,n_edges,dijkstra_time,prim_time,bellman_ford_time
50,sparse,49,5.819999978484702e-05,8.980000029623625e-05,0.00030590000005759066
50,dense,735,0.0001932999998643936,0.0008186000000023341,0.0014346999996632803
100,sparse,198,0.00016550000009374344,0.00030060000017329003,0.0011978000002272893
100,dense,2970,0.0005590999999185442,0.0037238999998407962,0.005847200000062003
300,sparse,1794,0.0007514000003538968,0.002116199999818491,0.005209299999933137
300,dense,26910,0.005294699999922159,0.04511030000003302,0.0655269999997472
500,sparse,4990,0.002037599999766826,0.00830729999961477,0.0186306999999033
500,dense,74850,0.028849199999967823,0.4544605999999476,0.23783880000019053
